test_language,word_id,word,valid,weight
pt-PT,001604,parecer,1,1
pt-PT,001713,eximir,1,1
pt-PT,001730,brandoar,0,1
pt-PT,001694,sonhoar,0,1
pt-PT,001652,desembaraçar,1,1
pt-PT,001602,imprimir,1,1
pt-PT,001626,olhoar ,0,1
pt-PT,001615,telefonear ,0,1
pt-PT,001674,defuntar,1,1
pt-PT,001637,suprir,1,1
pt-PT,001622,vidroar ,0,1
pt-PT,001702,azedar,1,1
pt-PT,001728,nascer,1,1
pt-PT,001680,saber,1,1
pt-PT,001676,torrar,1,1
pt-PT,001623,confundir,1,1
pt-PT,001668,partir,1,1
pt-PT,001701,camar,0,1
pt-PT,001657,infiltrar,1,1
pt-PT,001717,borrachar,0,1
pt-PT,001662,envelhecer,1,1
pt-PT,001706,comover,1,1
pt-PT,001729,numeroar,0,1
pt-PT,001732,comidar,0,1
pt-PT,001687,orçar,1,1
pt-PT,001737,beneficiar,1,1
pt-PT,001605,anotar,1,1
pt-PT,001710,bambuzar,0,1
pt-PT,001712,constatar,1,1
pt-PT,001646,jornadar,0,1
pt-PT,001664,extenuar,1,1
pt-PT,001689,recrear,1,1
pt-PT,001718,iterar,1,1
pt-PT,001673,bestificar,1,1
pt-PT,001669,importar,1,1
pt-PT,001704,exigir,1,1
pt-PT,001734,enfumaçar,1,1
pt-PT,001672,jogar,1,1
pt-PT,001750,desencaixar,1,1
pt-PT,001621,razonar ,0,1
pt-PT,001603,caducar,1,1
pt-PT,001610,aguarar ,0,1
pt-PT,001681,namorear,0,1
pt-PT,001677,estar,1,1
pt-PT,001693,oscilar,1,1
pt-PT,001699,cabelar,0,1
pt-PT,001618,costurar,1,1
pt-PT,001716,vomitoar,0,1
pt-PT,001644,rasurar,1,1
pt-PT,001640,cuspear,0,1
pt-PT,001678,tabelar,1,1
pt-PT,001707,topar,1,1
pt-PT,001684,bananar,0,1
pt-PT,001624,negar,1,1
pt-PT,001629,cantar,1,1
pt-PT,001639,pular,1,1
pt-PT,001682,arrumar,1,1
pt-PT,001721,neutralizar,1,1
pt-PT,001726,suportar,1,1
pt-PT,001700,desvairar,1,1
pt-PT,001686,triunfar,1,1
pt-PT,001675,esconderijar,0,1
pt-PT,001715,legitimar,1,1
pt-PT,001642,bruxar,0,1
pt-PT,001720,inscrever,1,1
pt-PT,001654,caçar,1,1
pt-PT,001714,sinar,0,1
pt-PT,001698,folhear,1,1
pt-PT,001703,apoiar,1,1
pt-PT,001645,caixoar,0,1
pt-PT,001697,corantear,0,1
pt-PT,001612,ventoar ,0,1
pt-PT,001696,intermedear,0,1
pt-PT,001620,jorrar,1,1
pt-PT,001635,delinquir,1,1
no-NO,001221,å hindre,1,1
no-NO,001266,å flimse,0,1
no-NO,001296,å knytte,1,1
no-NO,001258,å somle,1,1
no-NO,001252,å forringe,1,1
no-NO,001253,å feile,1,1
no-NO,001270,å strymse,0,1
no-NO,001289,å lostre,0,1
no-NO,001236,å destillere,1,1
no-NO,001275,å hakre,0,1
no-NO,001264,å samordne,1,1
no-NO,001265,å bulke,1,1
no-NO,001231,å rømme,1,1
no-NO,001297,å skjogge,0,1
no-NO,001229,å formilde,1,1
no-NO,001209,å gondere,0,1
no-NO,001256,å bo,1,1
no-NO,001259,å tyte,1,1
no-NO,001234,å gjæmse,0,1
no-NO,001282,å fletre,0,1
no-NO,001203,å vokse,1,1
no-NO,001292,å slutte,1,1
no-NO,001269,å flånde,0,1
no-NO,001273,å fortrenge,1,1
no-NO,001233,å spindre,0,1
no-NO,001298,å skumme,1,1
no-NO,001240,å flamme,1,1
no-NO,001277,å minske,1,1
no-NO,001249,å bevege,1,1
no-NO,001254,å støkre,0,1
no-NO,001274,å likne,1,1
no-NO,001278,å fantere,0,1
no-NO,001288,å repetere,1,1
no-NO,001239,å bevæske,0,1
no-NO,001215,å prate,1,1
no-NO,001204,å forløse,1,1
no-NO,001220,å utgi,1,1
no-NO,001287,å distribuere,1,1
no-NO,001241,å skane,0,1
no-NO,001243,å buldre,1,1
no-NO,001267,å pendle,1,1
no-NO,001211,å rive,1,1
no-NO,001294,å lade,1,1
no-NO,001284,å smiltre,0,1
no-NO,001232,å skåkke,0,1
no-NO,001210,å dominere,1,1
no-NO,001218,å brøsse,0,1
no-NO,001201,å snilse,0,1
no-NO,001255,å pile,1,1
no-NO,001276,å smyrre,0,1
no-NO,001226,å spulte,0,1
no-NO,001263,å offentliggjøre,1,1
no-NO,001207,å kamuflere,1,1
no-NO,001246,å oppsøke,1,1
no-NO,001242,å tåle,1,1
no-NO,001261,å anslå,1,1
no-NO,001228,å forenkle,1,1
no-NO,001237,å stille,1,1
no-NO,001227,å dumpe,1,1
no-NO,001245,å nåkke,0,1
no-NO,001224,å skjelke,0,1
no-NO,001299,å frane,0,1
no-NO,001225,å moralisere,1,1
no-NO,001279,å dekke,1,1
no-NO,001248,å kyne,0,1
no-NO,001214,å lokke,1,1
no-NO,001290,å subbe,1,1
no-NO,001223,å sikle,1,1
no-NO,001205,å lekke,1,1
no-NO,001283,å fjemme,0,1
no-NO,001235,å prikke,1,1
no-NO,001257,å referere,1,1
no-NO,001250,å anbefale,1,1
no-NO,001222,å melde,1,1
no-NO,001216,å ramle,1,1
sv-SE,000152,att nöka,0,2
sv-SE,000155,att patonera,0,1
sv-SE,000156,att draspa,0,1
sv-SE,000158,att talera,0,0
sv-SE,000159,att bröcka,0,2
sv-SE,000162,att jarpa,0,1
sv-SE,000163,att truska,0,1
sv-SE,000166,att krasta,0,0
sv-SE,000168,att fluska,0,1
sv-SE,000169,att gnerva,0,0
sv-SE,000171,att nyska,0,1
sv-SE,000172,att rinta,0,1
sv-SE,000174,att fjorpa,0,2
sv-SE,000176,att tärkna,0,2
sv-SE,000178,att stifanera,0,0
sv-SE,000183,att märna,0,2
sv-SE,000185,att sympra,0,1
sv-SE,000190,att hystra,0,1
sv-SE,000192,att spärga,0,1
sv-SE,000193,att lurvera,0,2
sv-SE,000194,att snöta,0,1
sv-SE,000195,att hiska,0,1
sv-SE,000196,att lypsa,0,1
sv-SE,000197,att trimsa,0,1
sv-SE,000199,att hynta,0,2
sv-SE,000201,att ljuga,1,5
sv-SE,000202,att behärska,1,6
sv-SE,000203,att raska,1,2
sv-SE,000206,att uppskatta,1,5
sv-SE,000207,att samarbeta,1,5
sv-SE,000209,att tillbringa,1,4
sv-SE,000211,att ekipera,1,2
sv-SE,000213,att definiera,1,4
sv-SE,000215,att rösta,1,6
sv-SE,000217,att färga,1,3
sv-SE,000218,att hänga,1,4
sv-SE,000219,att jämföra,1,7
sv-SE,000221,att meditera,1,3
sv-SE,000223,att närvara,1,3
sv-SE,000227,att berika,1,2
sv-SE,000229,att ärva,1,6
sv-SE,000236,att hoppa,1,6
sv-SE,000238,att montera,1,5
sv-SE,000239,att idrotta,1,3
sv-SE,000241,att gilla,1,4
sv-SE,000242,att lukta,1,5
sv-SE,000244,att förstå,1,4
sv-SE,000245,att hinna,1,4
sv-SE,000246,att sätta,1,4
sv-SE,000247,att stelna,1,2
sv-SE,000248,att regna,1,6
sv-SE,000250,att injicera,1,3
sv-SE,000255,att vänja,1,4
sv-SE,000257,att gräla,1,4
sv-SE,000258,att söndra,1,2
sv-SE,000260,att repa,1,2
sv-SE,000262,att ofreda,1,2
sv-SE,000263,att perforera,1,2
sv-SE,000265,att tigga,1,3
sv-SE,000268,att spetsa,1,4
sv-SE,000269,att sammanträffa,1,3
sv-SE,000270,att dansa,1,4
sv-SE,000271,att överdriva,1,6
sv-SE,000274,att konsultera,1,6
sv-SE,000275,att bedöva,1,5
sv-SE,000276,att oroa,1,6
sv-SE,000284,att lasta,1,4
sv-SE,000285,att förbjuda,1,5
sv-SE,000286,att inrätta,1,4
sv-SE,000287,att kränka,1,3
sv-SE,000289,att dölja,1,0
sv-SE,000291,att remittera,1,4
sv-SE,000293,att undersöka,1,5
sv-SE,000296,att ambulera,1,1
sv-SE,000300,att vakna,1,6
da-DK,001300,at blinke,1,1
da-DK,001301,at messe,1,1
da-DK,001302,at fortolke,1,1
da-DK,001303,at kontrive,0,1
da-DK,001304,at asedere,0,1
da-DK,001305,at stejle,1,1
da-DK,001306,at spire,1,1
da-DK,001307,at beregne,1,1
da-DK,001309,at beflode,0,1
da-DK,001310,at forplimme,0,1
da-DK,001312,at mose,1,1
da-DK,001313,at mene,1,1
da-DK,001314,at profilere,1,1
da-DK,001315,at anføre,1,1
da-DK,001317,at tendere,1,1
da-DK,001318,at påfylde,1,1
da-DK,001319,at fetorere,0,1
da-DK,001320,at stive,1,1
da-DK,001321,at uddele,1,1
da-DK,001322,at save,1,1
da-DK,001326,at svie,1,1
da-DK,001327,at uforlive,0,1
da-DK,001328,at slæbe,1,1
da-DK,001329,at tilspidse,1,1
da-DK,001330,at adstrere,0,1
da-DK,001331,at kime,1,1
da-DK,001332,at forstå,1,1
da-DK,001333,at nære,1,1
da-DK,001334,at plabbe,0,1
da-DK,001335,at glimte,1,1
da-DK,001337,at rekognoscere,1,1
da-DK,001340,at svatte,0,1
da-DK,001341,at lide,1,1
da-DK,001342,at spytte,1,1
da-DK,001343,at normalisere,1,1
da-DK,001345,at bedaske,0,1
da-DK,001346,at stalle,1,1
da-DK,001347,at vanære,1,1
da-DK,001348,at ynke,1,1
da-DK,001349,at pludisere,0,1
da-DK,001350,at lege,1,1
da-DK,001351,at lamme,1,1
da-DK,001352,at plirske,0,1
da-DK,001354,at fatte,1,1
da-DK,001356,at have,1,1
da-DK,001357,at udgrysse,0,1
da-DK,001358,at udstøde,1,1
da-DK,001360,at fremlægge,1,1
da-DK,001361,at aftage,1,1
da-DK,001364,at stabilisere,1,1
da-DK,001365,at blyfte,0,1
da-DK,001366,at tie,1,1
da-DK,001367,at klørme,0,1
da-DK,001369,at isytere,0,1
da-DK,001370,at stråle,1,1
da-DK,001372,at fordre,1,1
da-DK,001374,at entrosse,0,1
da-DK,001375,at hvidte,1,1
da-DK,001376,at glyfte,0,1
da-DK,001377,at anfrippe,0,1
da-DK,001379,at tvosle,0,1
da-DK,001380,at tråde,1,1
da-DK,001381,at sørge,1,1
da-DK,001382,at adle,1,1
da-DK,001383,at infugere,0,1
da-DK,001384,at undvriske,0,1
da-DK,001385,at frygte,1,1
da-DK,001387,at dufte,1,1
da-DK,001389,at runge,1,1
da-DK,001390,at defyrere,0,1
da-DK,001393,at undergå,1,1
da-DK,001395,at fæste,1,1
da-DK,001396,at ronfe,0,1
da-DK,001397,at impledere,0,1
da-DK,001398,at liste,1,1
nl-NL,001052,losmaken,1,2
nl-NL,001055,ondersteunen,1,1
nl-NL,001056,duwen,1,4
nl-NL,001057,betreffen,1,3
nl-NL,001063,inschrijven,1,4
nl-NL,001065,toevoegen,1,3
nl-NL,001066,moeien,1,0
nl-NL,001067,groeibaren,0,4
nl-NL,001069,opkomen,1,1
nl-NL,001071,ondertekenen,1,4
nl-NL,001072,trechtingen,0,5
nl-NL,001073,camoufleren,1,2
nl-NL,001076,vandagen,0,7
nl-NL,001077,ademen,1,3
nl-NL,001078,stremen,0,4
nl-NL,001079,valteren,0,4
nl-NL,001082,degraderen,1,1
nl-NL,001083,beladen,1,0
nl-NL,001087,kenschetsen,1,0
nl-NL,001090,examineren,1,3
nl-NL,001091,hypnotiseren,1,3
nl-NL,001092,nestelen,1,0
nl-NL,001093,dribbelen,1,2
nl-NL,001094,krimpen,1,1
nl-NL,001096,blanden,0,4
nl-NL,001102,vanoveren,0,5
nl-NL,001103,nakijken,1,3
nl-NL,001104,geuren,1,1
nl-NL,001105,nacijferen,1,0
nl-NL,001106,bijeennemen,1,0
nl-NL,001109,putten,1,0
nl-NL,001110,openslaan,1,1
nl-NL,001115,naarmen,0,5
nl-NL,001116,bezetten,1,2
nl-NL,001117,prikken,1,2
nl-NL,001118,banen,1,0
nl-NL,001120,bouden,0,5
nl-NL,001124,toelaten,1,3
nl-NL,001127,gruizelen,1,0
nl-NL,001132,sloeten,0,4
nl-NL,001134,ploegen,1,0
nl-NL,001135,afbreden,0,3
nl-NL,001136,najagen,1,1
nl-NL,001137,amheden,0,6
nl-NL,001139,belegenen,0,3
nl-NL,001140,veroorloven,1,0
nl-NL,001141,aanhitsen,1,0
nl-NL,001142,brengen,1,4
nl-NL,001144,inzoeken,0,2
nl-NL,001147,vuivelen,0,3
nl-NL,001148,bevallen,1,3
nl-NL,001150,beamen,1,1
nl-NL,001151,hamsteren,1,0
nl-NL,001152,dolaren,0,3
nl-NL,001153,verpaarden,0,5
nl-NL,001154,detineren,1,0
nl-NL,001156,botsen,1,2
nl-NL,001157,ontkippen,0,3
nl-NL,001160,cementen,1,0
nl-NL,001161,lichtvollen,0,3
nl-NL,001165,panden,1,0
nl-NL,001168,broekgaan,0,5
nl-NL,001169,instemmen,1,2
nl-NL,001170,brabbelen,1,0
nl-NL,001171,geeuwen,1,0
nl-NL,001172,dretten,0,4
nl-NL,001174,verhekken,0,2
nl-NL,001179,vandaagen,0,5
nl-NL,001180,stabiliseren,1,3
nl-NL,001181,strikken,1,0
nl-NL,001184,geteren,0,4
nl-NL,001187,royeren,1,0
nl-NL,001189,glooien,1,0
nl-NL,001195,ovelen,0,4
nl-NL,001200,halen,1,5
it-IT,000301,sigillare,1,0
it-IT,000303,bendare,1,0
it-IT,000304,piastrellare,1,1
it-IT,000306,anticipare,1,2
it-IT,000308,partorire,1,0
it-IT,000315,escogitare,1,0
it-IT,000316,ritrovare,1,5
it-IT,000319,ordinare,1,5
it-IT,000320,vacillare,1,1
it-IT,000321,danneggiare,1,4
it-IT,000324,abbattere,1,3
it-IT,000325,moralizzare,1,2
it-IT,000326,nevicare,1,4
it-IT,000327,occasionare,1,0
it-IT,000330,ristagnare,1,0
it-IT,000333,tardare,1,0
it-IT,000334,localizzare,1,3
it-IT,000338,ricordare,1,3
it-IT,000340,captare,1,0
it-IT,000344,ponderare,1,1
it-IT,000346,sloggiare,1,0
it-IT,000348,sortare,0,1
it-IT,000349,addirsi,1,0
it-IT,000352,appincare,0,3
it-IT,000356,raddoppiare,1,4
it-IT,000357,bastare,1,3
it-IT,000358,bunire,0,3
it-IT,000360,acciambellare,1,0
it-IT,000361,pelere,0,3
it-IT,000365,curare,1,2
it-IT,000366,nesare,0,4
it-IT,000367,milettare,0,1
it-IT,000369,meletare,0,3
it-IT,000370,lifare,0,3
it-IT,000371,pattuire,1,0
it-IT,000372,poltrire,1,0
it-IT,000374,fostare,0,4
it-IT,000376,superare,1,3
it-IT,000378,spalionire,0,3
it-IT,000380,nuntare,0,4
it-IT,000381,pentirsi,1,2
it-IT,000382,vutare,0,3
it-IT,000383,bocare,0,3
it-IT,000385,disfare,1,1
it-IT,000389,alterare,1,2
it-IT,000392,mescolare,1,3
it-IT,000393,morsicare,1,0
it-IT,000394,armonizzare,1,3
it-IT,000395,prulpare,0,4
it-IT,000399,continuare,1,4
it-IT,000401,vivacchiare,1,0
it-IT,000403,monetare,1,0
it-IT,000404,influentare,0,2
it-IT,000406,tenzonare,1,0
it-IT,000407,bestemmiare,1,3
it-IT,000410,persistere,1,3
it-IT,000412,milere,0,6
it-IT,000415,bettere,0,3
it-IT,000418,burcare,0,3
it-IT,000422,pietrificare,1,1
it-IT,000423,vividare,0,3
it-IT,000424,nobilitare,1,0
it-IT,000427,pientare,0,3
it-IT,000428,liscotare,0,3
it-IT,000431,guntare,0,2
it-IT,000432,lodare,1,0
it-IT,000433,crecolere,0,4
it-IT,000435,curintare,0,4
it-IT,000441,coagulare,1,2
it-IT,000442,avocatare,0,3
it-IT,000443,oltraggiare,1,1
it-IT,000445,vomitare,1,2
it-IT,000447,addottrinare,1,1
it-IT,000448,inzeppare,1,1
it-IT,000449,registrare,1,4
es-ES,000905,despejar,1,1
es-ES,000906,conjeturar,1,0
es-ES,000908,emprestar,0,1
es-ES,000909,menudear,1,1
es-ES,000911,corsar,0,2
es-ES,000912,dislocar,1,0
es-ES,000917,hormiguear,1,3
es-ES,000919,enfriar,1,3
es-ES,000923,adoptar,1,7
es-ES,000925,trincar,1,1
es-ES,000928,escarivar,0,2
es-ES,000929,borrar,1,5
es-ES,000930,abrigar,1,2
es-ES,000931,incluir,1,6
es-ES,000933,arreprender,0,1
es-ES,000935,manifestar,1,8
es-ES,000939,inclustrar,0,1
es-ES,000940,subvenir,1,0
es-ES,000943,acoger,1,4
es-ES,000945,encarapar,0,1
es-ES,000947,acarestar,0,2
es-ES,000948,expegar,0,1
es-ES,000951,lucir,1,2
es-ES,000952,reintegrar,1,7
es-ES,000954,marchar,1,7
es-ES,000956,franquear,1,4
es-ES,000957,lujar,0,0
es-ES,000959,ardalar,0,1
es-ES,000960,causar,1,6
es-ES,000961,agigantar,1,1
es-ES,000963,descascar,1,0
es-ES,000964,presechar,0,1
es-ES,000966,caracterizar,1,6
es-ES,000968,irritar,1,6
es-ES,000975,evitar,1,7
es-ES,000976,enterojar,0,1
es-ES,000982,escarlar,0,1
es-ES,000983,radicar,1,2
es-ES,000984,chupar,1,5
es-ES,000986,prohibir,1,7
es-ES,000987,abandejarse,0,0
es-ES,000990,lavar,1,4
es-ES,000992,firagar,0,2
es-ES,000993,labrar,1,0
es-ES,000994,anajuar,0,2
es-ES,000995,desescombrar,1,0
es-ES,001000,lunazar,0,1
es-ES,001001,eclipsar,1,2
es-ES,001002,seguir,1,5
es-ES,001003,recuperar,1,7
es-ES,001006,exalajar,0,0
es-ES,001007,aplaudir,1,7
es-ES,001009,quemeler,0,2
es-ES,001011,ablandar,1,3
es-ES,001012,transpirar,1,3
es-ES,001013,holgar,1,1
es-ES,001015,cargar,1,5
es-ES,001018,punzar,1,0
es-ES,001020,minar,1,1
es-ES,001021,heder,1,0
es-ES,001022,mariposear,1,2
es-ES,001023,girar,1,6
es-ES,001024,bombardear,1,7
es-ES,001025,murmurar,1,5
es-ES,001032,ciregar,0,2
es-ES,001033,traficar,1,3
es-ES,001034,mojar,1,4
es-ES,001036,trompitar,0,0
es-ES,001037,carolgar,0,2
es-ES,001039,centrar,1,3
es-ES,001040,travelar,0,2
es-ES,001042,enredarar,0,1
es-ES,001043,codear,1,0
es-ES,001048,heromar,0,1
es-ES,001050,pagar,1,6
ga-IE,001980,beachtaím,1,1
ga-IE,002078,deonaím,1,1
ga-IE,001963,aithisím,1,1
ga-IE,002064,comhréitím,1,1
ga-IE,002099,triomaím,1,1
ga-IE,002093,neallaím,0,1
ga-IE,002024,liúim,1,1
ga-IE,002004,beallaím,0,1
ga-IE,002096,fuasclaím,1,1
ga-IE,001997,díchóimeáilim,1,1
ga-IE,001965,geannaím,0,1
ga-IE,001960,grionnaím,0,1
ga-IE,002057,séidim,1,1
ga-IE,002070,stampáilim,1,1
ga-IE,001966,ceannaím,1,1
ga-IE,001998,briotáilim,0,1
ga-IE,002088,plóym,0,1
ga-IE,002061,leaispeánaim,0,1
ga-IE,002017,tochlaím,1,1
ga-IE,001977,riugáilim,0,1
ga-IE,002092,freastalaím,1,1
ga-IE,001976,díbrím,1,1
ga-IE,002083,tiálaim,1,1
ga-IE,002091,préachaim,1,1
ga-IE,002014,cáithim,1,1
ga-IE,002037,rabhlacaim,0,1
ga-IE,002011,maithim,1,1
ga-IE,002033,cnaím,1,1
ga-IE,002097,ceoiráilim,0,1
ga-IE,002003,crúbáil,1,1
ga-IE,002023,músclaím,1,1
ga-IE,001958,admhaím,1,1
ga-IE,002031,sáinním,1,1
ga-IE,001953,plearólaim,0,1
ga-IE,002005,treascraím,1,1
ga-IE,002007,ploghlaimím,0,1
ga-IE,001951,preannaím,0,1
ga-IE,002032,saolaím,1,1
ga-IE,001956,nótáilim,1,1
ga-IE,001985,comhfhreagraím,1,1
ga-IE,002001,diúinseáilim,0,1
ga-IE,001962,stiallaim,1,1
ga-IE,002048,soláthraím,1,1
ga-IE,002047,teorannaím,1,1
ga-IE,001970,plagraím,0,1
ga-IE,002052,scoraim,1,1
ga-IE,002094,fógraím,1,1
ga-IE,001984,plaisricim,0,1
ga-IE,001969,ciapaim,1,1
ga-IE,002026,druileálaim,1,1
ga-IE,002067,tiontaím,1,1
ga-IE,002063,néireáilim,0,1
ga-IE,002050,sciamhaím,1,1
ga-IE,002053,timrím,0,1
ga-IE,002077,laghdaím,1,1
ga-IE,002036,smutaim,1,1
ga-IE,001996,siúcraím,1,1
ga-IE,002041,cairtfhostaím,1,1
ga-IE,001973,stollaim,1,1
ga-IE,001986,roinnim,1,1
ga-IE,002019,satlaím,1,1
ga-IE,002054,tráim,1,1
ga-IE,001959,tolabaím,0,1
ga-IE,001994,breagóilim,0,1
ga-IE,002013,deograím,0,1
ga-IE,001988,beannaím,1,1
ga-IE,002082,bioraím,1,1
ga-IE,001952,diúgaim,1,1
ga-IE,002076,brionlacaim,0,1
ga-IE,002009,treoraím,1,1
ga-IE,001955,creallaím,0,1
ga-IE,002098,leoinseálim,0,1
ga-IE,002072,duaithním,1,1
ga-IE,002049,leomhaim,1,1
ga-IE,002015,tearánaim,0,1
de-DE,000547,schwören,1,2
de-DE,000599,abkratzen,1,0
de-DE,000484,vereinlichen,0,0
de-DE,000552,zurückstecken,1,3
de-DE,000513,erdulden,1,2
de-DE,000494,seitern,0,0
de-DE,000480,schuttern,0,0
de-DE,000489,schildieren,0,0
de-DE,000572,festlegen,1,6
de-DE,000521,umstellen,1,4
de-DE,000557,halbieren,1,3
de-DE,000477,sträubern,0,0
de-DE,000459,aggressieren,0,0
de-DE,000563,bauen,1,4
de-DE,000525,kleben,1,4
de-DE,000531,probieren,1,5
de-DE,000520,bremsen,1,4
de-DE,000586,glasieren,1,2
de-DE,000559,stillen,1,1
de-DE,000505,hineinbekommen,1,1
de-DE,000482,pöhlen,0,0
de-DE,000560,fliehen,1,4
de-DE,000544,zermalmen,1,0
de-DE,000475,bemollen,0,1
de-DE,000577,schmieren,1,3
de-DE,000451,verhutzeln,0,0
de-DE,000570,einarbeiten,1,2
de-DE,000551,zerdrücken,1,3
de-DE,000473,herauspasten,0,0
de-DE,000509,verfeinern,1,3
de-DE,000497,eindräuen,0,1
de-DE,000492,erkrellen,0,0
de-DE,000589,wählen,1,5
de-DE,000462,dreien,0,0
de-DE,000508,hochjagen,1,3
de-DE,000593,herstellen,1,6
de-DE,000548,binden,1,5
de-DE,000532,herausfinden,1,5
de-DE,000487,einpfauen,0,1
de-DE,000565,verderben,1,0
de-DE,000553,krönen,1,2
de-DE,000495,vertrenken,0,1
de-DE,000502,erinnern,1,5
de-DE,000486,abstitzen,0,1
de-DE,000595,leisten,1,4
de-DE,000491,schweiken,0,0
de-DE,000474,schlopfen,0,0
de-DE,000504,geschehen,1,3
de-DE,000472,ausblintern,0,1
de-DE,000536,entfremden,1,3
de-DE,000556,orientieren,1,4
de-DE,000516,chiffrieren,1,2
de-DE,000519,lecken,1,2
de-DE,000555,mögen,1,3
de-DE,000507,steuern,1,3
de-DE,000591,leihen,1,3
de-DE,000506,heraufsetzen,1,0
de-DE,000526,hinstürzen,1,4
de-DE,000542,beherrschen,1,7
de-DE,000575,hineinstopfen,1,3
de-DE,000470,umhaupten,0,1
de-DE,000580,zählen,1,3
de-DE,000458,plaschen,0,0
de-DE,000566,umrahmen,1,3
de-DE,000479,entklupfern,0,0
de-DE,000465,entlaben,0,1
de-DE,000457,gemaunen,0,1
de-DE,000561,mindern,1,2
de-DE,000576,vergessen,1,4
de-DE,000588,hinhauen,1,2
de-DE,000512,ansprechen,1,3
de-DE,000594,fordern,1,5
de-DE,000540,niederkämpfen,1,3
de-DE,000534,mitlaufen,1,4
de-DE,000499,verballen,0,0
en-GB,000053,to campaign,1,1
en-GB,000006,to decite,0,0
en-GB,000064,to review,1,3
en-GB,000036,to futt,0,1
en-GB,000039,to megalize,0,0
en-GB,000100,to celebrate,1,5
en-GB,000027,to bourble,0,0
en-GB,000038,to markle,0,0
en-GB,000067,to demolish,1,2
en-GB,000059,to fear,1,4
en-GB,000142,to abolish,1,3
en-GB,000134,to administer,1,2
en-GB,000047,to preyout,0,1
en-GB,000088,to root,1,1
en-GB,000140,to erode,1,2
en-GB,000144,to study,1,3
en-GB,000130,to distinguish,1,5
en-GB,000017,to fabulation,0,2
en-GB,000049,to savedown,0,1
en-GB,000005,to outlate,0,1
en-GB,000124,to join,1,4
en-GB,000133,to compile,1,2
en-GB,000071,to sink,1,3
en-GB,000103,to settle,1,5
en-GB,000122,to motivate,1,5
en-GB,000086,to encompass,1,0
en-GB,000008,to driggle,0,0
en-GB,000108,to witness,1,3
en-GB,000020,to chariover,0,2
en-GB,000132,to mention,1,6
en-GB,000136,to emerge,1,4
en-GB,000042,to strang,0,0
en-GB,000114,to struggle,1,6
en-GB,000025,to prinkle,0,0
en-GB,000111,to permit,1,5
en-GB,000138,to yell,1,4
en-GB,000030,to oldenate,0,1
en-GB,000149,to promise,1,0
en-GB,000126,to complicate,1,2
en-GB,000022,to skey,0,1
en-GB,000089,to violate,1,3
en-GB,000135,to squeeze,1,5
en-GB,000115,to unleash,1,0
en-GB,000015,to digame,0,1
en-GB,000099,to congratulate,1,3
en-GB,000048,to honch,0,0
en-GB,000011,to numbelate,0,1
en-GB,000001,to keepsick,0,2
en-GB,000129,to name,1,4
en-GB,000110,to colour,1,2
en-GB,000093,to hesitate,1,5
en-GB,000080,to organize,1,4
en-GB,000013,to wordle,0,0
en-GB,000150,to complement,1,0
en-GB,000041,to mayto,0,3
en-GB,000107,to box,1,1
en-GB,000072,to repair,1,4
en-GB,000112,to type,1,3
en-GB,000102,to authorise,1,4
en-GB,000106,to reform,1,0
en-GB,000104,to wait,1,4
en-GB,000063,to commission,1,0
en-GB,000057,to quote,1,5
en-GB,000012,to eaude,0,1
en-GB,000092,to trace,1,4
en-GB,000096,to address,1,4
en-GB,000035,to kinnear,0,1
en-GB,000070,to judge,1,6
en-GB,000075,to waste,1,5
en-GB,000082,to stay,1,4
en-GB,000125,to conceive,1,4
en-GB,000131,to announce,1,5
en-GB,000016,to monadate,0,1
en-GB,000056,to inherit,1,5
en-GB,000018,to pronate,0,0
is-IS,001822,að slaura,0,1
is-IS,001846,að vita,1,1
is-IS,001879,að snyrta,1,1
is-IS,001862,að brotta,0,1
is-IS,001872,að sölna,1,1
is-IS,001943,að aflaufga,1,1
is-IS,001882,að beiða,1,1
is-IS,001908,að skalla,1,1
is-IS,001866,að viga,0,1
is-IS,001853,að kalka,1,1
is-IS,001924,að raupa,1,1
is-IS,001897,að öskra,1,1
is-IS,001855,að hæða,1,1
is-IS,001887,að telja,1,1
is-IS,001899,að hugnast,1,1
is-IS,001907,að bylta,1,1
is-IS,001809,að sefna,0,1
is-IS,001874,að fullgera,1,1
is-IS,001868,að fangelsa,1,1
is-IS,001837,að puskra,0,1
is-IS,001812,að tosta,0,1
is-IS,001838,að lasa,0,1
is-IS,001948,að kýla,1,1
is-IS,001922,að innlima,1,1
is-IS,001912,að neyfa,0,1
is-IS,001883,að verðmeta,1,1
is-IS,001875,að gagla,0,1
is-IS,001919,að rifna,1,1
is-IS,001947,að stríðala,1,1
is-IS,001888,að birta,1,1
is-IS,001911,að óhlýðnast,1,1
is-IS,001917,að ilna,0,1
is-IS,001898,að grafa,1,1
is-IS,001876,að meðtaka,1,1
is-IS,001950,að móðga,1,1
is-IS,001913,að maula,1,1
is-IS,001935,að gutla,1,1
is-IS,001921,að hlarra,0,1
is-IS,001810,að bama,0,1
is-IS,001833,að skaprauna,1,1
is-IS,001940,að siggja,0,1
is-IS,001851,að sarta,0,1
is-IS,001819,að bregna,0,1
is-IS,001867,að tifa,1,1
is-IS,001916,að aðhafast,1,1
is-IS,001914,að tálga,1,1
is-IS,001891,að íhuga,1,1
is-IS,001870,að sneppa,0,1
is-IS,001878,að fullkosta,0,1
is-IS,001829,að bósa,0,1
is-IS,001835,að sjóast,1,1
is-IS,001865,að svara,1,1
is-IS,001896,að tofa,0,1
is-IS,001850,að einkenna,1,1
is-IS,001901,að treysta,1,1
is-IS,001859,að titna,0,1
is-IS,001864,að kanna,1,1
is-IS,001856,að krofna,0,1
is-IS,001852,að nægja,1,1
is-IS,001804,að mikla,1,1
is-IS,001939,að kafna,1,1
is-IS,001936,að drjúpa,1,1
is-IS,001813,að einkanýta,1,1
is-IS,001847,að teila,0,1
is-IS,001906,að yfirbuga,1,1
is-IS,001842,að klytja,0,1
is-IS,001844,að lagast,1,1
is-IS,001894,að freyða,1,1
is-IS,001827,að seytla,1,1
is-IS,001808,að vélrita,1,1
is-IS,001823,að strauja,1,1
is-IS,001890,að nugsa,0,1
is-IS,001923,að varðveita,1,1
is-IS,001928,að nöldra,1,1
is-IS,001848,að klana,0,1
fr-FR,000751,autoriser,1,3
fr-FR,000752,éphrasir,0,0
fr-FR,000756,brancher,1,2
fr-FR,000762,barriculer,0,0
fr-FR,000765,tripler,1,3
fr-FR,000766,mériter,1,4
fr-FR,000767,diffamer,1,0
fr-FR,000769,engouffrer,1,2
fr-FR,000770,lire,1,5
fr-FR,000773,déranger,1,5
fr-FR,000774,fâcher,1,3
fr-FR,000781,hésiter,1,7
fr-FR,000786,tramoner,0,0
fr-FR,000788,rire,1,5
fr-FR,000790,tinquer,0,0
fr-FR,000793,ticqueler,0,0
fr-FR,000795,criver,0,0
fr-FR,000796,assiéger,1,0
fr-FR,000797,goûter,1,5
fr-FR,000798,camper,1,2
fr-FR,000801,julir,0,0
fr-FR,000804,hebdonner,0,0
fr-FR,000807,lifrer,0,1
fr-FR,000808,justifier,1,5
fr-FR,000810,duper,1,2
fr-FR,000811,priver,1,2
fr-FR,000812,voisiner,1,0
fr-FR,000813,auréoler,1,1
fr-FR,000814,engorger,1,0
fr-FR,000815,mépriser,1,4
fr-FR,000817,loircir,0,0
fr-FR,000819,augmenter,1,7
fr-FR,000821,gouverner,1,2
fr-FR,000825,circer,0,0
fr-FR,000827,éclore,1,0
fr-FR,000831,écraser,1,4
fr-FR,000833,redoubler,1,4
fr-FR,000837,crêmir,0,0
fr-FR,000838,bondir,1,3
fr-FR,000841,castrer,1,2
fr-FR,000844,sectionner,1,3
fr-FR,000845,frégir,0,0
fr-FR,000847,secouer,1,3
fr-FR,000848,aspecter,0,0
fr-FR,000849,respirer,1,5
fr-FR,000850,défavoriser,1,3
fr-FR,000853,chevaucher,1,0
fr-FR,000854,suffire,1,2
fr-FR,000855,siffler,1,4
fr-FR,000856,soeurer,0,1
fr-FR,000857,voler,1,6
fr-FR,000861,aiger,0,1
fr-FR,000862,borner,1,3
fr-FR,000865,atomiser,1,2
fr-FR,000866,crimer,0,0
fr-FR,000867,cambrioler,1,4
fr-FR,000868,équilibrer,1,3
fr-FR,000871,monter,1,5
fr-FR,000872,tapisser,1,2
fr-FR,000873,déchétir,0,1
fr-FR,000879,incliner,1,3
fr-FR,000882,annir,0,1
fr-FR,000885,géliner,0,0
fr-FR,000887,cheminer,1,2
fr-FR,000888,entourer,1,4
fr-FR,000889,développer,1,6
fr-FR,000890,truger,0,1
fr-FR,000891,creuser,1,3
fr-FR,000892,puire,0,0
fr-FR,000893,fourevuer,0,1
fr-FR,000895,trafiquer,1,0
fr-FR,000896,esquisser,1,2
fr-FR,000898,alutiner,0,0
fr-FR,000899,barbouiller,1,2
fr-FR,000900,dissuser,0,0
fi-FI,000700,vahvistaa,1,5
fi-FI,000605,taapia,0,2
fi-FI,000750,nukkua,1,3
fi-FI,000713,kolahtaa,1,5
fi-FI,000693,lietsoa,1,0
fi-FI,000610,myreillä,0,3
fi-FI,000647,askeuttaa,0,0
fi-FI,000654,salata,1,4
fi-FI,000676,tallata,1,1
fi-FI,000691,piilottaa,1,6
fi-FI,000656,puistattaa,1,0
fi-FI,000742,sortaa,1,1
fi-FI,000682,jaksaa,1,3
fi-FI,000622,ensiä,0,4
fi-FI,000711,kummastua,1,2
fi-FI,000721,muistella,1,3
fi-FI,000733,kiertää,1,5
fi-FI,000749,siittää,1,0
fi-FI,000632,raveta,0,2
fi-FI,000703,purra,1,3
fi-FI,000671,lausua,1,4
fi-FI,000670,aateloida,1,1
fi-FI,000744,tunkea,1,4
fi-FI,000631,unittaa,0,2
fi-FI,000695,kulua,1,2
fi-FI,000717,avata,1,3
fi-FI,000686,teloittaa,1,3
fi-FI,000603,rinautua,0,3
fi-FI,000665,hakea,1,4
fi-FI,000618,leksauttaa,0,1
fi-FI,000636,olintaa,0,3
fi-FI,000672,luovuttaa,1,5
fi-FI,000667,pidentää,1,3
fi-FI,000697,liittää,1,3
fi-FI,000619,rohittaa,0,3
fi-FI,000701,heijastaa,1,4
fi-FI,000689,päättää,1,3
fi-FI,000688,ojentautua,1,2
fi-FI,000645,ketkautua,0,2
fi-FI,000738,laajentaa,1,7
fi-FI,000623,solikoida,0,0
fi-FI,000732,komentaa,1,2
fi-FI,000718,taitaa,1,5
fi-FI,000748,tyynnyttää,1,0
fi-FI,000694,kelvata,1,5
fi-FI,000644,viitiä,0,2
fi-FI,000708,vaania,1,0
fi-FI,000715,myöntää,1,5
fi-FI,000736,vioittaa,1,0
fi-FI,000706,manipuloida,1,5
fi-FI,000666,napsauttaa,1,6
fi-FI,000617,tahdata,0,3
fi-FI,000626,tuudata,0,4
fi-FI,000608,älväyttää,0,3
fi-FI,000702,sattua,1,5
fi-FI,000607,sinteyttää,0,2
fi-FI,000615,kempiä,0,2
fi-FI,000730,päästää,1,3
fi-FI,000678,kuoria,1,4
fi-FI,000624,öltyä,0,3
fi-FI,000640,suovia,0,2
fi-FI,000669,porata,1,2
fi-FI,000664,hioa,1,3
fi-FI,000705,nuuhkia,1,0
fi-FI,000696,sitoa,1,5
fi-FI,000716,kasata,1,3
fi-FI,000614,lenata,0,3
fi-FI,000611,narvitella,0,2
fi-FI,000707,kohdistaa,1,3
fi-FI,000629,puutata,0,3
fi-FI,000679,nousta,1,3
fi-FI,000690,langeta,1,3
fi-FI,000612,raaksiutua,0,4
fi-FI,000675,tapahtua,1,4
fi-FI,000620,kehtäyttää,0,3
el-GR,001503,προσφέρω,1,1
el-GR,001451,αισθάνομαι,1,1
el-GR,001437,κεριστάζομαι,0,1
el-GR,001509,αριστεύω,1,1
el-GR,001404,γελοστίζω,0,1
el-GR,001440,νερολλάζω,0,1
el-GR,001533,παρατηρώ,1,1
el-GR,001453,θεσπίζω,1,1
el-GR,001528,απολύω,1,1
el-GR,001473,εζητείνω,0,1
el-GR,001449,εκτοξεύω,1,1
el-GR,001470,δευτεριλώνω,0,1
el-GR,001407,προηγούμαι,1,1
el-GR,001443,επαινώ,1,1
el-GR,001517,γευμανώνω,0,1
el-GR,001436,οδεύω,1,1
el-GR,001540,καμαρώνω,1,1
el-GR,001402,φεροκρατώ,0,1
el-GR,001543,λυσσομανώ,1,1
el-GR,001482,καραβαίνω,0,1
el-GR,001526,προάγω,1,1
el-GR,001511,καραδοκώ,1,1
el-GR,001522,αστοιχολώ,0,1
el-GR,001494,νοτοχαρίζω,0,1
el-GR,001532,επιστρέφω,1,1
el-GR,001492,εκτυπώνω,1,1
el-GR,001444,χρωστώ,1,1
el-GR,001408,παστεριώνω,1,1
el-GR,001542,υπολογίζω,1,1
el-GR,001415,ζώομαι,0,1
el-GR,001447,σιχαίνομαι,1,1
el-GR,001478,παρανοικλίνω,0,1
el-GR,001486,ανθώ,1,1
el-GR,001536,θαλασσοδέρνω,1,1
el-GR,001406,τεσσάνομαι,0,1
el-GR,001468,μαγειρεύω,1,1
el-GR,001423,δυσαρεστώ,1,1
el-GR,001469,ρούχομαι,0,1
el-GR,001521,περιστρέφω,1,1
el-GR,001446,ναυλώνω,1,1
el-GR,001487,πληροφορώ,1,1
el-GR,001452,συμβαδίζω,1,1
el-GR,001544,εγκαταλείπω,1,1
el-GR,001497,ανατινάζω,1,1
el-GR,001496,ψηλοδηγώ,0,1
el-GR,001419,ατενασσάνω,0,1
el-GR,001516,παρακολουθώ,1,1
el-GR,001430,τρυγώ,1,1
el-GR,001409,νικοδημίζω,0,1
el-GR,001502,υστερώ,1,1
el-GR,001507,υπερισχύω,1,1
el-GR,001512,θορυβώ,1,1
el-GR,001405,υπονοώ,1,1
el-GR,001442,βαλοιδώ,0,1
el-GR,001428,μουχλιάζω,1,1
el-GR,001476,φρεσκάρω,1,1
el-GR,001411,οργανώνω,1,1
el-GR,001471,αξιοποιώ,1,1
el-GR,001527,φθίνω,1,1
el-GR,001498,συγκινώ,1,1
el-GR,001545,αυξάνω,1,1
el-GR,001510,βανατρυλώνω,0,1
el-GR,001506,περιφρονώ,1,1
el-GR,001508,κρεπώνω,0,1
el-GR,001550,καπνίζω,1,1
el-GR,001520,ισοπλίζω,0,1
el-GR,001460,ωραιοπλαίω,0,1
el-GR,001421,δωστολογώ,0,1
el-GR,001491,τρεναρίζω,0,1
el-GR,001445,μεθοδεύω,1,1
el-GR,001464,περιλαμβάνω,1,1
el-GR,001514,μουσκεύω,1,1
el-GR,001420,πατώ,1,1
el-GR,001439,απαρτερώ,0,1
el-GR,001499,στενοχωρώ,1,1
d_nl,001120,bouden,0,5
nld_nl,001124,toelaten,1,3
nld_nl,001127,gruizelen,1,0
nld_nl,001132,sloeten,0,4
nld_nl,001134,ploegen,1,0
nld_nl,001135,afbreden,0,3
nld_nl,001136,najagen,1,1
nld_nl,001137,amheden,0,6
nld_nl,001139,belegenen,0,3
nld_nl,001140,veroorloven,1,0
nld_nl,001141,aanhitsen,1,0
nld_nl,001142,brengen,1,4
nld_nl,001144,inzoeken,0,2
nld_nl,001147,vuivelen,0,3
nld_nl,001148,bevallen,1,3
nld_nl,001150,beamen,1,1
nld_nl,001151,hamsteren,1,0
nld_nl,001152,dolaren,0,3
nld_nl,001153,verpaarden,0,5
nld_nl,001154,detineren,1,0
nld_nl,001156,botsen,1,2
nld_nl,001157,ontkippen,0,3
nld_nl,001160,cementen,1,0
nld_nl,001161,lichtvollen,0,3
nld_nl,001165,panden,1,0
nld_nl,001168,broekgaan,0,5
nld_nl,001169,instemmen,1,2
nld_nl,001170,brabbelen,1,0
nld_nl,001171,geeuwen,1,0
nld_nl,001172,dretten,0,4
nld_nl,001174,verhekken,0,2
nld_nl,001179,vandaagen,0,5
nld_nl,001180,stabiliseren,1,3
nld_nl,001181,strikken,1,0
nld_nl,001184,geteren,0,4
nld_nl,001187,royeren,1,0
nld_nl,001189,glooien,1,0
nld_nl,001195,ovelen,0,4
nld_nl,001200,halen,1,5
